epic_id,Entity,Project,Estimated Loan Amount,Principal Forgiveness,Estimated Award Date,Project Score,Readiness to Proceed,Rate,County,District Office
7,Addyston,Sekitan Avenue Water Main and LSL Replacement,1327083,,Jun-27,2,3,DIS 0%/LSL,Hamilton,SWDO
6,Addyston,"Distribution, LSL, and Transmission Main Replacement",10728381,,Jun-27,2,2,DIS 0%/LSL,Hamilton,SWDO
9,Adena,Blairmont Road Water Line,907780,453890,Dec-26,2,4,DIS 0%,Jefferson,SEDO
19,Akron,PWS Regionalization 2026,1627332,813666,Jan-27,20,4,DIS 1%-REG,Summit,NEDO
30,Amanda,WTP Iron Filter Improvements,359400,179700,Mar-27,3,4,DIS 0%,Fairfield,CO
32,Amesville,Water Distribution Improvements,3000000,,Jun-27,2,2,SML,Athens,SEDO
33,Antwerp,Water Treatment Plant Improvements,8444000,4000000,Oct-26,10,5,DIS 0%,Paulding,NWDO
41,Arcanum,Water Tower Replacement,2796500,,May-27,4,0,DIS 0%,Darke,SWDO
45,Ashtabula County,Northeast Regional Water Line Extension,21000000,,Jan-27,7,2,DIS 1%-REG,Ashtabula,NEDO
47,Baltimore,Water Line Improvements,5497000,,Jan-27,3,2,DIS 1%,Fairfield,CO
52,Barnesville,North Water Line Extension,7502075,3751038,Aug-26,6,5,DIS 1%-REG,Belmont,SEDO
56,Beach City,2nd Avenue Southeast Water Line Replacement,524719,,May-27,2,0,DIS 0%,Stark,NEDO
59,Beach City,Justus/Dolphin Water Line Replacement,1368820,,May-27,2,0,DIS 0%,Stark,NEDO
60,Bellaire,West Water Tank Rehab,1733000,,Oct-26,4,3,DIS 1%,Belmont,SEDO
62,Belle Center,W. Buckeye Street & Elizabeth Street Water Line Replacement,442255,,Oct-26,3,3,SML,Logan,SWDO
66,Belpre,Braun Street Water Main Extension,1799938,,Mar-27,6,1,DIS 1%-REG,Washington,SEDO
73,Beverly,Water Storage Tank Replacement,1227200,613600,Aug-26,2,5,DIS 0%,Washington,SEDO
79,Bloomville,Water Tower and Water Line Replacement,2099700,,Mar-27,7,0,DIS 0%,Seneca,NWDO
81,Bowerston,New Water Treatment Plant and Raw Water Improvements Project,6620500,Bypass 1,Mar-27,9,3,DIS 0%,Harrison,SEDO
90,Bremen,Water Distribution Replacement & Tank Repair,4686500,,Dec-26,4,3,DIS 0%,Fairfield,CO
93,Bridgeport,Old Cadiz Rd Tank Removal and Oak St Booster Rehab,423133,,Jun-27,7,2,DIS 1%,Belmont,SEDO
91,Bridgeport,Lombardy Heights Tank Rehabilitation,287247,143624,Feb-27,2,4,DIS 1%,Belmont,SEDO
97,Burr Oak Regional Water District,Water Expansion - Morgan County Booster,585900,,Dec-26,3,3,DIS 1%,Athens,SEDO
101,Cadiz,Charleston Street Water Line Replacement,498974,,May-27,2,2,DIS 1%,Harrison,SEDO
110,Catawba,Water Treatment Plant Aeration and Filtration,93050,,Sep-26,5,3,DIS 0%,Clark,SWDO
121,Chesterhill,Water System Improvements,857700,,Oct-26,2,3,DIS 0%,Morgan,SEDO
142,Clark County,Donnelsville Water System,10120000,6653660,Jul-26,15,5,DIS 1%-REG,Clark,SWDO
143,Clarksville,Water Meter Replacement,239531,119766,Sep-26,2,4,DIS 0%,Clinton,SWDO
203,Coolville,Water System Improvements,1975000,987500,Sep-26,2,5,DIS 0%,Athens,SEDO
205,Crooksville,Booster Station and Water Line Improvements,3369700,,Jun-27,5,2,DIS 1%,Perry,SEDO
229,Delphos,North and South Jefferson Street Water Line Replacement,916933,,Dec-26,3,3,DIS 1%,Allen,NWDO
230,Delphos,Pierce Street Water Line Replacement,1118690,,Jan-27,2,2,DIS 1%/LSL PF,Allen,NWDO
226,Delphos,First Street Water Line Replacement,778834,,Feb-27,2,1,DIS 1%/LSL PF,Allen,NWDO
232,East Palestine,Unity Township Utilities Expansion,14745000,,Apr-27,2,1,DIS 1%-REG,Columbiana,NEDO
240,Fairport Harbor,Water Meter Replacement and AMI Implementation,955700,,Mar-27,2,3,DIS 1%,Lake,NEDO
244,Fayette,Water Tower Replacement,3662800,,Jun-27,2,0,DIS 0%,Fulton,NWDO
253,Gallipolis,Water Line Replacement Phase 2,8315000,4000000,Mar-27,4,5,DIS 1%,Gallia,SEDO
254,Gallipolis,Water Meter System Improvements,765000,Bypass 2,Mar-27,2,4,DIS 1%,Gallia,SEDO
258,Gnadenhutten,South Walnut Street Water Line Replacement,753240,,Sep-26,2,2,DIS 0%,Tuscarawas,SEDO
272,Greenwich,Greenwich Water Treatment Plant,6437629,,Sep-26,3,2,DIS 0%,Huron,NWDO
274,Hecla Water Association,Water for Waterloo,8870050,,May-27,6,2,DIS 0%-REG,Lawrence,SEDO
278,Hillsboro,Greystone Drive WL Replacement,850828,,May-27,2,2,DIS 1%/LSL PF,Highland,SWDO
300,Jackson,Broadway St Water Line Project,692952,346476,Apr-27,2,4,DIS 1%,Jackson,SEDO
301,Jamestown,Water System Improvements,11082600,,Oct-26,3,3,DIS 0%,Greene,SWDO
305,Jefferson Regional Water Authority,Water Treatment Plant Improvements,3235220,,Apr-27,3,3,DIS 1%,Montgomery,SWDO
307,Kenton,Detroit Street Water Line and LSL Phase 22,907124,453562,Sep-26,2,4,DIS 1%/LSL PF,Hardin,NWDO
308,Kenton,Downtown Water Line Replacement Phase 2B,2859960,,Oct-26,2,4,DIS 1%/LSL PF,Hardin,NWDO
311,Killbuck,Water Line Upgrades,1454189,,Jan-27,3,2,SML,Holmes,NEDO
312,Kingston,Meter Replacement,1129000,564500,Oct-26,2,4,DIS 0%,Ross,SEDO
327,Leetonia,Main Street Water Line Replacement,322850,,Jul-26,2,1,DIS 0%,Columbiana,NEDO
329,Leipsic,Poplar St Water Line Replacement,607840,,Feb-27,3,2,DIS 0%,Putnam,NWDO
330,Leipsic,Water Treatment Plant,14774450,,Dec-26,3,0,DIS 0%,Putnam,NWDO
342,Little Hocking Water Association,SR339 Transmission and Barlow Tank and Booster,14009500,,Jun-27,4,2,DIS 1%,Washington,SEDO
344,Logan,RO Membrane Skid for WTP,3014400,,May-27,2,4,DIS 1%,Hocking,SEDO
349,Lynchburg,Water System Improvements Phase 1,2720000,,Jan-27,2,3,DIS 0%,Highland,SWDO
353,Malvern,Water Line Replacement Phase 22,4666401,2333201,Oct-26,3,5,DIS 0%/LSL PF,Carroll,NEDO
355,Manchester,Water Line Replacement Phase 3,3960250,,Feb-27,4,1,DIS 0%,Adams,SEDO
358,Martins Ferry,Jefferson Street Water Line Replacement,650420,,Apr-27,2,1,DIS 1%,Belmont,SEDO
366,McArthur,Water System Improvements,1794580,255592,Jun-27,2,4,DIS 0%,Vinton,SEDO
368,McGuffey,Water Tower Rehab,533000,,Apr-27,4,3,DIS 0%,Hardin,NWDO
382,Mingo Junction,Penn Avenue Water Main Replacement,848000,,Apr-27,3,2,DIS 1%,Jefferson,SEDO
380,Mingo Junction,Farmers Lane Watermain Replacement,155000,77500,Apr-27,2,4,DIS 1%,Jefferson,SEDO
384,Mount Orab,Water Towers - Rehabilitations,1335000,,Feb-27,2,3,DIS 1%,Brown,SWDO
385,Mount Pleasant,Water Line Replacement and Corrosion Control,315070,157535,Oct-26,3,5,DIS 0%,Jefferson,SEDO
390,Muskingum County,Sunflower Rd and Getz Rd Water Main Extension,762000,,Jan-27,6,2,DIS 0%-REG,Muskingum,SEDO
393,Nelsonville,Water System Improvements Phase 4,4841900,,Sep-26,5,3,DIS 1%,Athens,SEDO
395,New Concord,WTP Clarifier #2 Rehabilitation,607000,,Oct-26,3,2,DIS 0%,Muskingum,SEDO
396,New Holland,Water System Improvements,4346000,,Apr-27,2,3,DIS 0%/LSL PF,Pickaway,CO
397,New Lexington,Water Distribution Improvements - Priority Phase,1180000,590000,Sep-26,4,4,DIS 1%,Perry,SEDO
398,New Richmond,New Richmond Water System Improvements,2000000,,Jun-27,5,3,SML,Clermont,SWDO
401,Newport Water and Sewer District,Bells Run Water System Extension,6300000,,Jun-27,6,2,DIS 0%-REG,Washington,SEDO
405,North Lewisburg,Water Line System Improvements,2821875,,May-27,2,3,DIS 0%/LSL PF,Champaign,SWDO
410,Oak Harbor,Benton Street Improvements,1223605,,May-27,3,3,DIS 1%,Ottawa,NWDO
412,Oak Hill,Water System Improvements,4916576,,May-27,2,2,DIS 1%,Jackson,SEDO
417,Old Straitsville Water Association,Rock Run Booster Station Upgrades,229450,114725,Dec-26,2,5,DIS 1%,Perry,SEDO
420,Orwell,U.S. 322 Water Main Replacement,6010000,,Mar-27,3,2,DIS 0%,Ashtabula,NEDO
426,Payne,Water Treatment Plant Improvements,2190000,,Dec-26,3,1,DIS 0%,Paulding,NWDO
424,Payne,North Main Street Water Line Replacement,724510,,Aug-26,2,2,DIS 0%/LSL PF,Paulding,NWDO
427,Perry County,Phase 6 Water Line Extension,3597900,1798950,Sep-26,6,5,DIS 0%-REG,Perry,SEDO
430,Philo,Market St WL Replacement / 2nd St WL Ext,332320,,Dec-26,2,3,DIS 0%,Muskingum,SEDO
437,Port Clinton,Water and Sanitary Sewer Infrastructure Improvements2,2085391,1042696,Aug-26,5,5,DIS 1%/LSL PF,Ottawa,NWDO
436,Port Clinton,"Harrison, West Perry & Monroe Street Water Line Improvements",292067,Bypass 2,Feb-27,5,4,DIS 1%,Ottawa,NWDO
443,Put-in-Bay,WTP Pump Riser and Piping,156300,,Aug-26,5,3,DIS 1%,Ottawa,NWDO
441,Put-in-Bay,Ground Storage Tank Rehabilitation,230680,,Oct-26,5,1,DIS 1%,Ottawa,NWDO
442,Put-in-Bay,WTP Multi-Tech and Controls Improvements,1192760,,Jan-27,5,1,DIS 1%,Ottawa,NWDO
450,Roseville,Water Line Replacement,410400,,Dec-26,2,3,DIS 0%,Perry,SEDO
453,Sabina,Water System Improvements,7878375,,Jun-27,5,1,DIS 1%,Clinton,SWDO
460,Scio,Water Line Replacement & Lead Service Line Removal,2689743,,Apr-27,3,1,DIS 0%/LSL PF,Harrison,SEDO
470,Somerset,Water Line Replacement Phase 5,465708,,Dec-26,3,2,DIS 0%,Perry,SEDO
469,Somerset,Water Line Replacement Phase 4,570000,,Dec-26,3,2,DIS 0%,Perry,SEDO
468,Somerset,Water Line Replacement Phase 3,650000,,Dec-26,3,2,DIS 0%,Perry,SEDO
471,Somerset,Water Meter Replacement and AMI Upgrade,780000,390000,Sep-26,2,4,DIS 0%,Perry,SEDO
472,South Charleston,SR 42 Water Line Replacement,1728820,864410,Jun-27,2,4,DIS 0%,Clark,SWDO
475,South Vienna,WTP Design and Construction Services,1889913,944957,Sep-26,6,4,DIS 0%,Clark,SWDO
480,Stratton,Water Meter Project,704700,,Oct-26,2,3,DIS 0%,Jefferson,SEDO
483,Thurston,Oak St Water Line Improvements,306450,153225,Sep-26,4,5,DIS 0%,Fairfield,CO
482,Thurston,Maple St Water Line Improvements,364450,Bypass 2,Sep-26,2,5,DIS 0%,Fairfield,CO
487,Toronto,Walton Acres Phase 2 Water Line and Streetscape Improvements,1600000,800000,Jul-26,2,5,DIS 1%,Jefferson,SEDO
488,Tri-County Rural Water & Sewer District,Phase 7 Water Line,4258500,,Apr-27,6,2,DIS 1%-REG,Washington,SEDO
493,Trumbull County,Stillwagon Road Water Improvements,725000,Bypass 3,Oct-26,7,3,DIS 1%-REG,Trumbull,NEDO
494,Trumbull County,Wilson Ave Water Improvement,262000,,May-27,6,3,DIS 1%-REG,Trumbull,NEDO
497,Upper Sandusky,Crawford Water Line Extension,2900000,1450000,Jan-27,10,5,DIS 1%-REG,Wyandot,NWDO
510,Warren Water Authority,Valve Installation,24686,,May-27,4,3,DIS 0%,Jefferson,SEDO
512,Waverly,South Lock St Roadway and Water Line Improvement,1335015,,Apr-27,3,1,DIS 1%/LSL PF,Pike,SEDO
519,Wellston,Cherrington Hills Improvements,3198605,,Apr-27,4,3,DIS 1%,Jackson,SEDO
521,West Farmington,New Water Wells,2977500,,Jun-27,5,1,DIS 0%,Trumbull,NEDO
523,West Union,SR 41 Water Main Replacement,781200,390600,Sep-26,2,5,DIS 1%,Adams,SEDO
525,Williamsport,Water Treatment Plant & Water Distribution Improvements,7141218,,Oct-26,2,4,DIS 0%,Pickaway,CO